Rank,Product Name,Image Link,Landing Page Link,Page Name,Duration (days),Follower Count,Steal-Worthy Score,Caption
1,Goli Creatine Gummies,View Image,View Landing Page,Goli,217,927300,100,"Introducing the 𝘡𝘦𝘳𝘰 𝘚𝘶𝘨𝘢𝘳 line of the Goli products you know and love! #ad | Three of your favorites now come in a zero sugar option ➕ introducing two all new products! | 🍎 Apple Cider Vinegar+ now made with Probiotics to address bloating. | 🍓  Ashwagandha+ made with KSM-66* Ashwagandha to help you relax, restore and unwind. | 😋 Pre+Post+Probiotics for digestive health, immune support and a balanced gut. | 🧘‍♀️ 𝗡𝗘𝗪 Zero Sugar Magnesium for calm, serenity and balance. | 💪 𝗡𝗘𝗪 Zero Sugar Creatine"
2,MaryRuth's Creatine Gummies,View Image,View Landing Page,MaryRuth's,105,260000,100,"💪 Fuel your workout with MaryRuth’s Creatine Gummies! | Support strength, power, and performance during repetitive high-intensity exercise. No powders, no shakers, just tasty tangerine citrus gummies. 🍊 | Start taking control of your health today with MaryRuth's. Your body will thank you. 🫶"
3,weights.and.shakes Creatine Gummies,View Image,View Landing Page,weights.and.shakes,539,124600,100,"🏋🏾🥤🏋🏼‍♀️Whether you’re dominating CrossFit, lifting heavy, smashing your cardio sessions, on a weight loss journey, or maintaining your fitness, these 6 essential supplements will help you reach the next level: | 1. Advanced 100% Whey Protein Isolate: Ideal for CrossFit and strength training, this protein supports muscle recovery and growth, helping you rebuild faster after every workout. | 2. BCAA Post-Workout Powder: Boost recovery and reduce muscle soreness with this cardio-friendly supplemen"
4,Black Girl Vitamins Creatine Gummies,View Image,View Landing Page,Black Girl Vitamins,111,152200,100,"Discover the secret to ageless radiance with our collagen, made specifically for black women! | 🌟 Slow down signs of aging, reduce wrinkles, and erase those fine lines. | Enjoy fuller hair 💁🏿‍♀️ and stronger nails 💅🏿 | Say goodbye to joint stiffness and aches. | FINALLY HERE! A unique blend of collagen peptides targeted to give you: More supple, better-looking skin Fewer fine lines and wrinkles Stronger, thicker and shinier hair. Less nail breakage Better joint movement & flexibility Support gut"
5,Legion Creatine Gummies,View Image,View Landing Page,Legion,70,315700,90,"Shop the #1 brand of natural sports supplements and save big. | Over 5 million bottles sold to over 1 million customers who have left us over 45,000 5-star reviews. | 🔥BOGO 50% Off Your First Order + FREE gift card! | Act fast and take advantage of this deal before it's over. | BUGATCHI is a luxury menswear brand established in 1981. Rooted in Italian design, our collections harmonize remarkable fabrics and exceptional wearability, tailored to those who seek a life without compromise."
6,Legion Creatine Gummies,View Image,View Landing Page,Legion,70,315700,90,"Creatine gummies are way more convenient, tasty, and fun to stick in your face than powders and pills. | And our creatine gummies contain a clinically effective dose of creatine monohydrate scientifically shown to increase strength and power, enhance muscle growth, and improve recovery. | ✅ 19 peer-reviewed scientific studies support our creatine gummies' form and dose | ✅ Naturally sweetened and flavored with no artificial sweeteners, flavors, food dyes, fillers, or other unnecessary junk | ✅ C"
7,Legion Creatine Gummies,View Image,View Landing Page,Legion,70,315700,90,"🍑 Buy one get one 50% OFF our NEW sour peach creatine gummies 🍑 | Our naturally sweetened and flavored creatine gummies with a clinically effective dose of lab-tested creatine monohydrate scientifically shown to enhance strength, muscle growth and endurance, recovery, and cognition. | ✅ 505 peer-reviewed scientific studies support our creatine gummies' ingredient and dose | ✅ No soy, gluten, artificial sweeteners, flavors, food dyes, fillers, or other unnecessary junk | ✅ Clean and transparent l"
8,ANSPerformance Creatine Gummies,View Image,View Landing Page,ANSPerformance,86,11700,77,"Creatine Gummies give you 5g of creatine monohydrate in a grab-and-go chew that actually tastes good. 💪 | No scoop, no shaker, no mess – just strength, power, and performance made simple."
9,ANSPerformance Creatine Gummies,View Image,View Landing Page,ANSPerformance,86,11700,77,"Creatine Gummies give you 5g of creatine monohydrate in a grab-and-go chew that actually tastes good. 💪 | No scoop, no shaker, no mess – just strength, power, and performance made simple."
10,ANSPerformance Creatine Gummies,View Image,View Landing Page,ANSPerformance,86,11700,77,"Creatine Gummies give you 5g of creatine monohydrate in a grab-and-go chew that actually tastes good. 💪 | No scoop, no shaker, no mess – just strength, power, and performance made simple."